{
  "0": 0.0,
  "1": 57.21566431178282,
  "2": 42.850966034341894,
  "3": 30.6319354900584,
  "4": 16.947520295701796,
  "5": 18.893082368888724,
  "6": 7.184190199339137,
  "7": 2.664381548448002,
  "8": 4.692076224002781,
  "9": 3.108234290026312,
  "10": 1.2609020592744362,
  "11": 4.341010133950406,
  "12": 43.279064393214234,
  "13": 49.90420279076527,
  "14": 16.447681918509744,
  "15": 11.561431481188782,
  "16": 14.717364374262198,
  "17": 7.945709387629223,
  "18": 6.308253310158828,
  "19": 3.798906658532709,
  "20": 1.962314502423461,
  "21": 3.0780685700711934,
  "22": 2.0970063374842094,
  "23": 1.0678639531605427,
  "24": 2.380563331275272,
  "25": 1.7665475876103007,
  "26": 2.7398945943739217,
  "27": 1.0136968140116003,
  "28": 0.8860036013136938,
  "29": 1.7705257275995816,
  "30": 4.65831395553201,
  "31": 12.383704009740553,
  "32": 19.979387981539823,
  "33": 85.88000086130037,
  "34": 23.246853244175092,
  "35": 150.6155080090269
}