{
  "0": 0.0,
  "1": 0.014577555020718716,
  "2": 0.014967432397084571,
  "3": 0.17021316911692494,
  "4": 0.008918312037674703,
  "5": 0.00975341044622841,
  "6": 0.005605107373258971,
  "7": 0.005956739723422624,
  "8": 0.005790436626712992,
  "9": 0.028679582568653567,
  "10": 0.012389757611149639,
  "11": 0.0027611526529087507,
  "12": 0.016828960476219835,
  "13": 0.0031926464239199633,
  "14": 0.01755512369706441,
  "15": 0.020426351122628587,
  "16": 0.025343660608599668,
  "17": 0.004826154395321225,
  "18": 0.008351536367318434,
  "19": 0.012188636761933295,
  "20": 0.001242397135426788,
  "21": 0.008721808308514493,
  "22": 0.022206116788637025,
  "23": 0.0007252588655785405,
  "24": 0.002963743723998979,
  "25": 0.0007863341929826398,
  "26": 0.01995658308827057,
  "27": 0.23155201334292164,
  "28": 0.012871822326191697,
  "29": 0.009769184600312997,
  "30": 0.008796308764599074,
  "31": 0.0018060992286116897,
  "32": 0.018044592658920142,
  "33": 0.3385192150628706,
  "34": 0.0045612197059591904,
  "35": 0.004984391413894214,
  "36": 0.003935698396789895,
  "37": 0.007230777062420729,
  "38": 0.004924642816680622,
  "39": 0.24125997781926434,
  "40": 0.020330063796748198,
  "41": 0.00634203251239909,
  "42": 0.00687965330352741,
  "43": 0.01191369268840743,
  "44": 0.006622767234188059,
  "45": 0.03580078648333106,
  "46": 0.005731962117963386,
  "47": 0.002156042888348791,
  "48": 0.002365319942769298,
  "49": 0.025130147583796007,
  "50": 0.01087101156488161,
  "51": 0.030640016087350515,
  "52": 0.04299736297196457,
  "53": 0.028592029557872174,
  "54": 0.021349533062749053,
  "55": 0.045323505895652545,
  "56": 0.07796297037834973,
  "57": 0.10764085808312636,
  "58": 0.03896762243287974,
  "59": 0.03287060835918892,
  "60": 0.005079116413189809,
  "61": 0.021931555747898464,
  "62": 0.026871403631560372,
  "63": 0.04333207524637768,
  "64": 0.04682506574353098,
  "65": 0.002405365871269994,
  "66": 0.01858731106191674,
  "67": 0.003287015692978017,
  "68": 0.011453831613934498,
  "69": 0.08030794625334145,
  "70": 0.006753632844850942,
  "71": 0.01872815557029402,
  "72": 0.0014333167933552923,
  "73": 0.007576330035825753,
  "74": 0.00851630130766869,
  "75": 0.07965835627183816,
  "76": 0.0,
  "77": 0.0,
  "78": 0.006696471812634273,
  "79": 0.06237251753388961,
  "80": 0.010072916428030187,
  "81": 0.053345868482035236,
  "82": 0.0,
  "83": 0.0,
  "84": 0.006993722641348115,
  "85": 0.02299796807400704,
  "86": 0.012886514605562564,
  "87": 0.500551491863364,
  "88": 0.0005249264860274663,
  "89": 0.00276570490151971,
  "90": 0.002193756810852989,
  "91": 0.006953246311581422
}