{
  "0": 0.0,
  "1": 25.603438767511978,
  "2": 14.198723885447333,
  "3": 3.657841265984691,
  "4": 2.5829735290328983,
  "5": 4.3057831211115785,
  "6": 2.1117943249909645,
  "7": 1.3751135668807013,
  "8": 2.9690792028266766,
  "9": 4.645190771730502,
  "10": 10.443956793804698,
  "11": 20.954232124938418,
  "12": 39.58192701908575,
  "13": 34.63983066455306,
  "14": 34.559215274215966,
  "15": 17.358560548936115,
  "16": 15.265546455281594,
  "17": 8.763990373386598,
  "18": 1.3358769801336614,
  "19": 5.211375013526983,
  "20": 2.63493959942616,
  "21": 4.591453570241653,
  "22": 0.992031344192796,
  "23": 0.8528285676568498,
  "24": 4.215668968274674,
  "25": 2.143990865702855,
  "26": 11.196935062606428,
  "27": 27.066005248179557,
  "28": 127.97347493183604,
  "29": 29.761969445954893,
  "30": 48.89940727858081,
  "31": 0.0
}